{
	"info": {
		"_postman_id": "76dc6ac9-a6de-41de-8efe-bb5f455057f4",
		"name": "Auth",
		"schema": "https://schema.getpostman.com/json/collection/v2.1.0/collection.json",
		"_exporter_id": "4256664"
	},
	"item": [
		{
			"name": "Create Token",
			"event": [
				{
					"listen": "test",
					"script": {
						"exec": [
							"let jsonData = pm.response.json();\r",
							"pm.environment.set(\"token\", jsonData.token);"
						],
						"type": "text/javascript",
						"packages": {}
					}
				}
			],
			"request": {
				"method": "POST",
				"header": [],
				"body": {
					"mode": "raw",
					"raw": "",
					"options": {
						"raw": {
							"language": "json"
						}
					}
				},
				"url": {
					"raw": "{{base_url}}/oauth/token?client_id=go-mongodb&client_secret=jLE-rZpTAy1auChkXTFWDpMsMdlpse2jy-v30nnsr2Q=",
					"host": [
						"{{base_url}}"
					],
					"path": [
						"oauth",
						"token"
					],
					"query": [
						{
							"key": "client_id",
							"value": "go-mongodb"
						},
						{
							"key": "client_secret",
							"value": "jLE-rZpTAy1auChkXTFWDpMsMdlpse2jy-v30nnsr2Q="
						}
					]
				}
			},
			"response": []
		}
	]
}