{
	"info": {
		"_postman_id": "35dfc148-1a04-43cd-ae90-5d86682d611b",
		"name": "User APIs",
		"schema": "https://schema.getpostman.com/json/collection/v2.1.0/collection.json",
		"_exporter_id": "4256664"
	},
	"item": [
		{
			"name": "Get All Users",
			"request": {
				"method": "GET",
				"header": [
					{
						"key": "Authorization",
						"value": "{{token}}"
					}
				],
				"url": {
					"raw": "{{base_url}}/v1/users",
					"host": [
						"{{base_url}}"
					],
					"path": [
						"v1",
						"users"
					]
				}
			},
			"response": [
				{
					"name": "localhost:3000/users",
					"originalRequest": {
						"method": "GET",
						"header": [],
						"url": {
							"raw": "localhost:3000/users",
							"host": [
								"localhost"
							],
							"port": "3000",
							"path": [
								"users"
							]
						}
					},
					"status": "OK",
					"code": 200,
					"_postman_previewlanguage": "json",
					"header": [
						{
							"key": "Date",
							"value": "Fri, 17 May 2024 12:09:34 GMT"
						},
						{
							"key": "Content-Type",
							"value": "application/json"
						},
						{
							"key": "Content-Length",
							"value": "274"
						}
					],
					"cookie": [],
					"body": "{\n    \"status\": 200,\n    \"message\": \"success\",\n    \"data\": {\n        \"data\": [\n            {\n                \"_id\": \"000000000000000000000000\",\n                \"userId\": 1,\n                \"name\": \"Sachin\",\n                \"email\": \"sachin@yahoo.com\",\n                \"phone\": \"9876543210\"\n            },\n            {\n                \"_id\": \"664748e1a41fc4f9cb66671d\",\n                \"userId\": 2,\n                \"name\": \"Saurabh\",\n                \"email\": \"saurabh@gmail.com\",\n                \"phone\": \"9876543210\"\n            }\n        ]\n    }\n}"
				}
			]
		},
		{
			"name": "Delete User",
			"request": {
				"method": "DELETE",
				"header": [
					{
						"key": "Authorization",
						"value": "{{token}}"
					}
				],
				"url": {
					"raw": "{{base_url}}/v1/users/1",
					"host": [
						"{{base_url}}"
					],
					"path": [
						"v1",
						"users",
						"1"
					]
				}
			},
			"response": [
				{
					"name": "Get All Users Copy",
					"originalRequest": {
						"method": "DELETE",
						"header": [],
						"url": {
							"raw": "localhost:3000/users/1",
							"host": [
								"localhost"
							],
							"port": "3000",
							"path": [
								"users",
								"1"
							]
						}
					},
					"status": "OK",
					"code": 200,
					"_postman_previewlanguage": "json",
					"header": [
						{
							"key": "Date",
							"value": "Fri, 17 May 2024 12:02:49 GMT"
						},
						{
							"key": "Content-Type",
							"value": "application/json"
						},
						{
							"key": "Content-Length",
							"value": "78"
						}
					],
					"cookie": [],
					"body": "{\n    \"status\": 200,\n    \"message\": \"success\",\n    \"data\": {\n        \"data\": \"User delete successfully.\"\n    }\n}"
				}
			]
		},
		{
			"name": "Get User By UserId",
			"request": {
				"method": "GET",
				"header": [
					{
						"key": "Authorization",
						"value": "{{token}}"
					}
				],
				"url": {
					"raw": "{{base_url}}/v1/users/3",
					"host": [
						"{{base_url}}"
					],
					"path": [
						"v1",
						"users",
						"3"
					]
				}
			},
			"response": [
				{
					"name": "Delete User Copy",
					"originalRequest": {
						"method": "GET",
						"header": [],
						"url": {
							"raw": "localhost:3000/users/3",
							"host": [
								"localhost"
							],
							"port": "3000",
							"path": [
								"users",
								"3"
							]
						}
					},
					"status": "OK",
					"code": 200,
					"_postman_previewlanguage": "json",
					"header": [
						{
							"key": "Date",
							"value": "Fri, 17 May 2024 12:10:38 GMT"
						},
						{
							"key": "Content-Type",
							"value": "application/json"
						},
						{
							"key": "Content-Length",
							"value": "156"
						}
					],
					"cookie": [],
					"body": "{\n    \"status\": 200,\n    \"message\": \"success\",\n    \"data\": {\n        \"data\": {\n            \"_id\": \"66474929a41fc4f9cb66671f\",\n            \"userId\": 3,\n            \"name\": \"Ravi\",\n            \"email\": \"ravi@gmail.com\",\n            \"phone\": \"9876543210\"\n        }\n    }\n}"
				}
			]
		},
		{
			"name": "Add User",
			"event": [
				{
					"listen": "test",
					"script": {
						"exec": [
							"\r",
							"pm.test(\"Response status code is 200\", function () {\r",
							"    pm.expect(pm.response.code).to.equal(200);\r",
							"});\r",
							"\r",
							"\r",
							"pm.test(\"Response time is less than 200ms\", function () {\r",
							"  pm.expect(pm.response.responseTime).to.be.below(200);\r",
							"});\r",
							"\r",
							"\r",
							"pm.test(\"Response has the required fields\", function () {\r",
							"  const responseData = pm.response.json();\r",
							"  \r",
							"  pm.expect(responseData).to.be.an('object');\r",
							"  pm.expect(responseData.data).to.exist.and.to.be.an('object');\r",
							"  const requiredFields = [\"_id\", \"userId\", \"name\", \"email\", \"phone\"];\r",
							"  requiredFields.forEach(field => {\r",
							"    pm.expect(responseData.data.data).to.have.property(field);\r",
							"  });\r",
							"});\r",
							"\r",
							"\r",
							"pm.test(\"Status field is present and has a valid value\", function () {\r",
							"    const responseData = pm.response.json();\r",
							"    \r",
							"    pm.expect(responseData).to.have.property('status');\r",
							"    pm.expect(responseData.status).to.be.a('number');\r",
							"});\r",
							"\r",
							"\r",
							"pm.test(\"Message field is present and is a non-empty string\", function () {\r",
							"    const responseData = pm.response.json();\r",
							"    \r",
							"    pm.expect(responseData).to.be.an('object');\r",
							"    pm.expect(responseData.message).to.exist.and.to.be.a('string').and.to.have.lengthOf.at.least(1, \"Message should not be empty\");\r",
							"});\r",
							"\r",
							""
						],
						"type": "text/javascript",
						"packages": {}
					}
				}
			],
			"request": {
				"method": "POST",
				"header": [
					{
						"key": "Authorization",
						"value": "{{token}}"
					}
				],
				"body": {
					"mode": "raw",
					"raw": "{\r\n    \"userId\": 1,\r\n    \"username\": \"ravisharma\",\r\n    \"password\": \"password@123\",\r\n    \"name\": \"Ravi\",\r\n    \"email\": \"ravi@gmail.com\",\r\n    \"phone\": \"9876543210\",\r\n    \"location\": \"India\"\r\n}",
					"options": {
						"raw": {
							"language": "json"
						}
					}
				},
				"url": {
					"raw": "{{base_url}}/v1/users",
					"host": [
						"{{base_url}}"
					],
					"path": [
						"v1",
						"users"
					]
				}
			},
			"response": [
				{
					"name": "Get All Users Copy",
					"originalRequest": {
						"method": "POST",
						"header": [],
						"body": {
							"mode": "raw",
							"raw": "{\r\n    \"userId\": 3,\r\n    \"name\": \"Ravi\",\r\n    \"email\": \"ravi@gmail.com\",\r\n    \"phone\": \"9876543210\"\r\n}",
							"options": {
								"raw": {
									"language": "json"
								}
							}
						},
						"url": {
							"raw": "localhost:3000/users",
							"host": [
								"localhost"
							],
							"port": "3000",
							"path": [
								"users"
							]
						}
					},
					"status": "OK",
					"code": 200,
					"_postman_previewlanguage": "json",
					"header": [
						{
							"key": "Date",
							"value": "Fri, 17 May 2024 12:10:17 GMT"
						},
						{
							"key": "Content-Type",
							"value": "application/json"
						},
						{
							"key": "Content-Length",
							"value": "156"
						}
					],
					"cookie": [],
					"body": "{\n    \"status\": 200,\n    \"message\": \"success\",\n    \"data\": {\n        \"data\": {\n            \"_id\": \"66474929a41fc4f9cb66671f\",\n            \"userId\": 3,\n            \"name\": \"Ravi\",\n            \"email\": \"ravi@gmail.com\",\n            \"phone\": \"9876543210\"\n        }\n    }\n}"
				}
			]
		},
		{
			"name": "Update User",
			"request": {
				"method": "PUT",
				"header": [
					{
						"key": "Authorization",
						"value": "{{token}}"
					}
				],
				"body": {
					"mode": "raw",
					"raw": "{\r\n    \"name\": \"Ravi Sharma\",\r\n    \"email\": \"ravi@yahoo.com\",\r\n    \"phone\": \"9876543212\",\r\n    \"location\": \"Indian\"\r\n}",
					"options": {
						"raw": {
							"language": "json"
						}
					}
				},
				"url": {
					"raw": "{{base_url}}/v1/users/1",
					"host": [
						"{{base_url}}"
					],
					"path": [
						"v1",
						"users",
						"1"
					]
				}
			},
			"response": [
				{
					"name": "Add User Copy",
					"originalRequest": {
						"method": "PUT",
						"header": [],
						"body": {
							"mode": "raw",
							"raw": "{\r\n    \"name\": \"Sachin\",\r\n    \"email\": \"sachin@yahoo.com\",\r\n    \"phone\": \"9876543210\"\r\n}",
							"options": {
								"raw": {
									"language": "json"
								}
							}
						},
						"url": {
							"raw": "localhost:3000/users/1",
							"host": [
								"localhost"
							],
							"port": "3000",
							"path": [
								"users",
								"1"
							]
						}
					},
					"status": "OK",
					"code": 200,
					"_postman_previewlanguage": "json",
					"header": [
						{
							"key": "Date",
							"value": "Fri, 17 May 2024 12:09:31 GMT"
						},
						{
							"key": "Content-Type",
							"value": "application/json"
						},
						{
							"key": "Content-Length",
							"value": "149"
						}
					],
					"cookie": [],
					"body": "{\n    \"status\": 200,\n    \"message\": \"success\",\n    \"data\": {\n        \"data\": {\n            \"_id\": \"000000000000000000000000\",\n            \"name\": \"Sachin\",\n            \"email\": \"sachin@yahoo.com\",\n            \"phone\": \"9876543210\"\n        }\n    }\n}"
				}
			]
		},
		{
			"name": "Login",
			"request": {
				"method": "POST",
				"header": [],
				"body": {
					"mode": "raw",
					"raw": "{\r\n    \"username\":\"ravisharma\",\r\n    \"password\":\"password@1234\"\r\n}",
					"options": {
						"raw": {
							"language": "json"
						}
					}
				},
				"url": {
					"raw": "{{base_url}}/user/login",
					"host": [
						"{{base_url}}"
					],
					"path": [
						"user",
						"login"
					]
				}
			},
			"response": []
		},
		{
			"name": "Reset Password",
			"request": {
				"method": "POST",
				"header": [],
				"body": {
					"mode": "raw",
					"raw": "{\r\n    \"username\":\"ravisharma\",\r\n    \"password\":\"password@1234\"\r\n}",
					"options": {
						"raw": {
							"language": "json"
						}
					}
				},
				"url": {
					"raw": "{{base_url}}/user/reset",
					"host": [
						"{{base_url}}"
					],
					"path": [
						"user",
						"reset"
					]
				}
			},
			"response": []
		}
	]
}